Ticker,SecurityName,AssetType,IsETF,Price,High12m,Low12m,MA20,MA50,RSI,Position12m,DistanceHigh12m,Return5d,Return20d,Volatility20d,AvgDollarVolume30d,DividendPerShare12m,Yield12m,DividendPayments12m,DividendMonths12m,DividendFrequency,DividendGrowth6mPct,DividendCV,IncomeAnnualPer100,IncomeMonthlyEquivalentPer100,ScoreSwing,ScoreDividendos,ScoreHibrido,UpdatedAt
BHK,Blackrock Core Bond Trust,Acao,False,8.26,10.11,8.25,8.62,8.86,25.69,0.3,-18.35,-2.77,-8.68,13.23,2905946.0,0.9,10.9,12,12,Mensal,0.0,0.0,10.9,0.91,77.6,90.0,82.6,2026-09-29 16:44 UTC
BIT,BlackRock Multi-Sector Income Trust Common Shares of Beneficial Interest,Acao,False,11.15,13.44,11.14,11.59,11.93,21.36,0.7,-17.0,-3.25,-6.65,10.92,5076000.0,1.488,13.34,12,12,Mensal,0.0,0.0,13.34,1.11,76.8,90.8,82.4,2026-09-29 16:44 UTC
BTZ,BlackRock Credit Allocation Income Trust,Acao,False,9.27,11.17,9.27,9.67,9.94,23.17,0.0,-16.97,-3.28,-7.8,10.91,3693712.0,1.008,10.87,12,12,Mensal,0.0,0.0,10.87,0.91,77.0,90.0,82.2,2026-09-29 16:44 UTC
IYRI,NEOS Real Estate High Income ETF,ETF,True,45.59,51.12,45.59,47.22,48.71,22.32,0.0,-10.82,-2.79,-6.15,10.06,3968841.0,5.368,11.77,12,12,Mensal,-1.11,0.019,11.77,0.98,74.3,92.5,81.6,2026-09-29 16:44 UTC
PCN,Pimco Corporate & Income Strategy Fund Common Stock,Fundo Fechado,False,10.6,13.44,10.6,11.23,11.53,18.43,0.2,-21.09,-2.97,-9.67,11.87,5254824.0,1.356,12.79,12,12,Mensal,0.0,0.0,12.79,1.07,78.8,82.0,80.1,2026-09-29 16:44 UTC
YYY,Amplify CEF High Income ETF,ETF,True,10.36,11.91,10.36,10.86,11.18,15.64,0.0,-13.05,-4.21,-7.79,9.87,4625098.0,1.44,13.91,12,12,Mensal,-16.67,0.0,13.91,1.16,75.3,87.3,80.1,2026-09-29 16:44 UTC
PFFA,Virtus InfraCap U.S. Preferred Stock ETF,ETF,True,19.69,22.03,19.69,20.52,20.7,19.19,0.0,-10.6,-3.69,-6.08,8.47,18209173.0,2.067,10.5,12,12,Mensal,0.87,0.008,10.5,0.87,74.2,88.8,80.0,2026-09-29 16:44 UTC
HYT,"Blackrock Corporate High Yield Fund, Inc. Common Stock",Fundo Fechado,False,7.78,9.52,7.74,8.03,8.22,23.52,2.5,-18.22,-2.08,-5.98,9.03,7982365.0,0.9351,12.01,12,12,Mensal,0.2,0.002,12.01,1.0,76.8,83.3,79.4,2026-09-29 16:44 UTC
FOXY,Simplify Currency Strategy ETF,ETF,True,26.73,30.31,26.73,27.54,27.86,25.01,0.0,-11.83,-3.1,-1.71,8.88,2273151.0,2.39,8.94,11,11,Mensal,29.81,0.052,8.94,0.75,74.7,86.5,79.4,2026-09-29 16:44 UTC
JPC,Nuveen Preferred & Income Opportunities Fund,Fundo Fechado,False,6.7,8.29,6.7,7.07,7.42,18.26,0.0,-19.24,-3.94,-8.78,13.8,12267675.0,0.764,11.41,12,12,Mensal,-2.07,0.023,11.41,0.95,78.1,81.1,79.3,2026-09-29 16:44 UTC
BBN,BlackRock Taxable Municipal Bond Trust Common Shares of Beneficial Interest,Acao,False,14.33,17.35,14.32,15.05,15.52,22.9,0.4,-17.39,-4.39,-9.35,13.91,3208839.0,1.188,8.29,12,12,Mensal,0.0,0.0,8.29,0.69,77.1,81.7,78.9,2026-09-29 16:44 UTC
KTF,DWS Municipal Income Trust,Acao,False,7.99,9.34,7.99,8.43,8.7,16.42,0.0,-14.4,-5.27,-8.63,11.76,2219779.0,0.765,9.57,13,12,Mensal,-8.27,0.127,9.57,0.8,75.9,83.1,78.8,2026-09-29 16:44 UTC
JRI,Nuveen Real Asset Income and Growth Fund Common Shares of Beneficial Interest,Fundo Fechado,False,10.73,14.23,10.73,11.66,12.26,12.58,0.0,-24.6,-6.61,-11.9,15.43,2065227.0,1.6043,14.95,12,12,Mensal,0.47,0.003,14.95,1.25,80.5,77.7,78.8,2026-09-29 16:44 UTC
PTY,Pimco Corporate & Income Opportunity Fund,Fundo Fechado,False,10.82,14.59,10.75,11.33,11.58,30.45,2.0,-25.81,-2.12,-8.03,16.84,18522958.0,1.428,13.19,12,12,Mensal,0.0,0.0,13.19,1.1,77.1,81.0,78.7,2026-09-29 16:44 UTC
IAUI,NEOS Gold High Income ETF,ETF,True,48.22,64.55,47.92,50.3,50.56,35.58,1.8,-25.29,-4.73,-6.83,22.8,14262557.0,6.751,14.0,12,12,Mensal,-12.05,0.08,14.0,1.17,73.1,86.6,78.5,2026-09-29 16:44 UTC
PFN,PIMCO Income Strategy Fund II,Fundo Fechado,False,6.2,7.64,6.19,6.56,6.85,20.17,0.8,-18.83,-2.18,-10.9,13.22,3445289.0,0.864,13.93,12,12,Mensal,0.0,0.0,13.93,1.16,77.6,79.6,78.4,2026-09-29 16:44 UTC
TLTW,iShares 20+ Year Treasury Bond BuyWrite Strategy ETF,ETF,True,20.31,24.06,20.31,20.93,21.2,26.41,0.0,-15.58,-3.87,-4.78,9.1,29267276.0,2.243,11.04,12,11,Mensal,-24.22,0.351,11.04,0.92,76.1,81.5,78.3,2026-09-29 16:44 UTC
GHY,"PGIM Global High Yield Fund, Inc.",Fundo Fechado,False,10.9,12.93,10.9,11.25,11.51,24.6,0.0,-15.74,-2.98,-6.08,11.1,2031732.0,1.26,11.56,12,11,Mensal,0.0,0.0,11.56,0.96,76.5,81.0,78.3,2026-09-29 16:44 UTC
RA,Brookfield Real Assets Income Fund Inc. Common Stock,Fundo Fechado,False,11.6,13.59,11.54,12.09,12.47,19.16,2.9,-14.64,-2.85,-7.57,10.26,2788632.0,1.416,12.21,12,12,Mensal,0.0,0.0,12.21,1.02,75.1,82.8,78.2,2026-09-29 16:44 UTC
DSL,DoubleLine Income Solutions Fund Common Shares of Beneficial Interests,Fundo Fechado,False,9.95,12.36,9.91,10.27,10.52,28.28,1.8,-19.46,-1.44,-6.44,8.98,6726438.0,1.32,13.26,12,12,Mensal,0.0,0.0,13.26,1.1,75.9,80.9,77.9,2026-09-29 16:44 UTC
MLPI,NEOS MLP & Energy Infrastructure High Income ETF,ETF,True,50.54,58.3,49.31,53.18,53.89,21.15,13.7,-13.3,-3.04,-8.0,9.89,19552877.0,6.611,13.08,10,10,Mensal,0.0,0.033,13.08,1.09,71.3,87.1,77.6,2026-09-29 16:44 UTC
EVV,Eaton Vance Limited Duration Income Fund Common Shares of Beneficial Interest,Fundo Fechado,False,8.35,10.22,8.35,8.73,8.98,13.98,0.0,-18.35,-2.85,-8.2,9.03,4783180.0,0.863,10.34,12,12,Mensal,-3.42,0.018,10.34,0.86,77.7,77.6,77.6,2026-09-29 16:44 UTC
XCCC,BondBloxx CCC-Rated USD High Yield Corporate Bond ETF,ETF,True,34.1,39.29,34.1,34.92,35.49,16.91,0.0,-13.22,-2.63,-4.76,6.62,14521319.0,3.615,10.6,12,11,Mensal,9.93,0.151,10.6,0.88,70.3,87.6,77.2,2026-09-29 16:44 UTC
FPF,First Trust Intermediate Duration Preferred & Income Fund Common Shares of Beneficial Interest,Fundo Fechado,False,15.98,19.3,15.98,16.86,17.38,17.6,0.0,-17.18,-3.18,-10.5,10.65,2767348.0,1.656,10.36,12,11,Mensal,0.0,0.0,10.36,0.86,77.1,77.2,77.1,2026-09-29 16:44 UTC
PHK,Pimco High Income Fund,Fundo Fechado,False,4.11,4.99,4.07,4.32,4.5,27.04,3.8,-17.74,-1.08,-8.98,17.14,5203996.0,0.576,14.03,12,12,Mensal,0.0,0.0,14.03,1.17,75.5,79.1,76.9,2026-09-29 16:44 UTC
NMCO,Nuveen Municipal Credit Opportunities Fund Common Shares,Fundo Fechado,False,8.72,10.96,8.72,9.58,10.09,20.24,0.0,-20.44,-8.69,-10.75,26.45,4896359.0,0.828,9.5,12,12,Mensal,0.0,0.0,9.5,0.79,78.6,75.6,76.8,2026-09-29 16:44 UTC
DSU,"Blackrock Debt Strategies Fund, Inc. Common Stock",Fundo Fechado,False,8.94,10.65,8.88,9.17,9.34,27.89,3.1,-16.1,-1.16,-5.85,8.39,2453626.0,1.188,13.3,12,12,Mensal,0.0,0.0,13.3,1.11,74.3,80.6,76.8,2026-09-29 16:44 UTC
RQI,Cohen & Steers Quality Income Realty Fund Inc Common Shares,Fundo Fechado,False,11.02,13.53,11.0,11.61,12.12,23.22,0.6,-18.59,-4.55,-9.34,14.43,7001722.0,1.18,10.71,13,12,Mensal,-15.62,0.133,10.71,0.89,77.6,75.5,76.3,2026-09-29 16:44 UTC
LQTI,FT Vest Investment Grade & Target Income ETF,ETF,True,18.02,20.58,18.02,18.41,18.63,23.89,0.0,-12.44,-2.65,-3.79,7.34,2620699.0,1.74,9.66,12,12,Mensal,-2.72,0.016,9.66,0.8,70.0,85.5,76.2,2026-09-29 16:44 UTC
ISD,"PGIM High Yield Bond Fund, Inc.",Fundo Fechado,False,11.64,14.77,11.56,11.98,12.27,30.5,2.5,-21.19,-2.76,-5.37,13.85,2051615.0,1.26,10.82,12,11,Mensal,0.0,0.0,10.82,0.9,74.8,78.4,76.2,2026-09-29 16:44 UTC
UPBD,"Upbound Group, Inc. - Common Stock",Acao,False,15.57,24.23,15.57,17.47,18.88,23.73,0.0,-35.74,-7.21,-14.92,27.45,14754746.0,1.56,10.02,4,4,Trimestral,100.0,0.0,10.02,0.83,75.5,75.9,75.7,2026-09-29 16:44 UTC
GAB,"Gabelli Equity Trust, Inc. (The) Common Stock",Acao,False,5.23,6.3,5.23,5.48,5.6,30.47,0.0,-16.94,-3.68,-7.76,18.89,5019751.0,0.5985,11.44,4,4,Trimestral,0.5,0.004,11.44,0.95,73.7,78.5,75.6,2026-09-29 16:44 UTC
KNG,FT Vest S&P 500 Dividend Aristocrats Target Income ETF,ETF,True,48.25,52.94,47.97,49.77,50.82,27.19,5.6,-8.86,-2.45,-5.71,9.24,16361871.0,4.211,8.73,12,12,Mensal,-0.33,0.027,8.73,0.73,70.8,82.1,75.3,2026-09-29 16:44 UTC
FSCO,FS Credit Opportunities Corp. Common Stock,Acao,False,5.12,7.11,4.55,5.23,5.12,46.61,22.3,-27.99,-7.25,-1.16,29.54,4593678.0,0.748,14.61,12,12,Mensal,-12.06,0.077,14.61,1.22,69.8,83.0,75.1,2026-09-29 16:44 UTC
PAXS,PIMCO Access Income Fund Common Shares of Beneficial Interest,Fundo Fechado,False,13.17,16.52,13.06,13.56,13.92,33.86,3.2,-20.28,-0.6,-6.06,15.55,4020019.0,1.788,13.58,12,12,Mensal,0.0,0.0,13.58,1.13,71.7,80.1,75.1,2026-09-29 16:44 UTC
LQDW,iShares Investment Grade Corporate Bond BuyWrite Strategy ETF,ETF,True,22.71,25.4,22.71,23.02,23.25,27.64,0.0,-10.59,-1.71,-2.95,5.8,2898659.0,2.689,11.84,12,11,Mensal,-19.29,0.252,11.84,0.99,67.9,86.0,75.1,2026-09-29 16:44 UTC
RITM,Rithm Capital Corp. Common Stock,Acao/BDC,False,9.06,12.06,8.77,9.6,9.81,31.16,8.8,-24.88,-6.02,-9.67,21.45,48966051.0,1.0,11.04,4,4,Trimestral,0.0,0.0,11.04,0.92,74.1,76.1,74.9,2026-09-29 16:44 UTC
SDIV,Global X SuperDividend ETF,ETF,True,23.38,26.34,22.9,24.44,24.66,22.89,14.0,-11.24,-3.79,-6.14,10.55,8768958.0,2.237,9.57,12,11,Mensal,-4.97,0.031,9.57,0.8,70.3,81.9,74.9,2026-09-29 16:44 UTC
STWD,"STARWOOD PROPERTY TRUST, INC. Starwood Property Trust Inc.",Acao,False,14.31,19.91,14.31,15.2,15.86,23.87,0.0,-28.13,-5.23,-8.85,18.74,63505446.0,1.92,13.42,4,4,Trimestral,-50.0,0.0,13.42,1.12,82.1,69.9,74.8,2026-09-29 16:44 UTC
RNP,"Cohen & Steers REIT and Preferred and Income Fund, Inc. Common Shares",Fundo Fechado,False,18.71,22.48,18.71,19.51,20.08,23.01,0.0,-16.77,-3.71,-7.05,11.13,2299274.0,1.632,8.72,12,12,Mensal,0.0,0.0,8.72,0.73,76.9,73.1,74.6,2026-09-29 16:44 UTC
PFFD,Global X U.S. Preferred ETF,ETF,True,17.56,19.6,17.56,18.01,18.31,26.52,0.0,-10.43,-2.58,-4.18,8.77,16639637.0,1.2,6.84,12,11,Mensal,0.0,0.0,6.84,0.57,73.7,75.6,74.5,2026-09-29 16:44 UTC
TYG,Tortoise Energy Infrastructure Corporation Common Stock,Acao,False,38.0,51.0,38.0,42.17,42.98,21.36,0.0,-25.49,-10.55,-12.98,27.25,5811644.0,5.59,14.71,12,12,Mensal,4.01,0.065,14.71,1.23,70.9,80.0,74.5,2026-09-29 16:44 UTC
NRK,Nuveen New York AMT-Free Quality Municipal Income Fund,Fundo Fechado,False,9.11,10.77,9.11,9.75,10.11,22.21,0.0,-15.46,-6.99,-11.43,18.95,3942208.0,0.816,8.96,12,12,Mensal,-2.9,0.021,8.96,0.75,76.4,73.2,74.5,2026-09-29 16:44 UTC
PDO,PIMCO Dynamic Income Opportunities Fund Common Shares of Beneficial Interest,Fundo Fechado,False,11.77,14.22,11.66,12.13,12.57,34.26,4.1,-17.26,-0.88,-5.8,18.95,14085023.0,1.536,13.06,12,12,Mensal,0.0,0.0,13.06,1.09,69.7,81.0,74.2,2026-09-29 16:44 UTC
DLY,DoubleLine Yield Opportunities Fund Common Shares of Beneficial Interest,Fundo Fechado,False,13.08,15.2,13.06,13.49,13.79,22.17,0.9,-13.95,-1.13,-5.7,7.77,2968665.0,1.404,10.73,12,12,Mensal,0.0,0.0,10.73,0.89,70.4,79.4,74.0,2026-09-29 16:44 UTC
GOVZ,iShares 25  Year Treasury STRIPS Bond ETF,ETF,True,31.14,40.94,31.14,33.07,33.57,28.27,0.0,-23.95,-7.78,-7.8,17.93,17914866.0,1.841,5.91,12,11,Mensal,0.98,0.055,5.91,0.49,78.5,70.5,73.7,2026-09-29 16:44 UTC
PCY,Invesco Emerging Markets Sovereign Debt ETF,ETF,True,20.02,22.07,20.02,20.69,20.93,21.42,0.0,-9.29,-3.75,-4.76,8.26,10542665.0,1.262,6.3,12,12,Mensal,0.32,0.02,6.3,0.53,73.6,73.9,73.7,2026-09-29 16:44 UTC
EFC,Ellington Financial Inc. Common Stock,Acao,False,12.18,14.01,11.3,12.79,13.21,24.91,32.5,-13.06,-4.09,-8.97,14.68,15315416.0,1.56,12.81,12,12,Mensal,-16.67,0.0,12.81,1.07,65.5,85.6,73.5,2026-09-29 16:44 UTC
PSK,State Street SPDR ICE Preferred Securities ETF,ETF,True,28.35,33.15,28.35,29.07,29.6,22.41,0.0,-14.46,-2.59,-4.3,6.49,3850283.0,2.14,7.55,12,11,Mensal,-1.85,0.031,7.55,0.63,70.9,77.5,73.5,2026-09-29 16:44 UTC
ARLP,"Alliance Resource Partners, L.P. - Common Units Representing Limited Partnership Interests",Acao,False,24.45,28.99,23.05,25.98,25.77,28.68,23.6,-15.66,-5.45,-7.74,13.9,5874105.0,2.4,9.82,4,4,Trimestral,0.0,0.0,9.82,0.82,77.4,70.5,73.3,2026-09-29 16:44 UTC
